/content/valid/b63047d79767cb3e5b6a9b98be8e5346_jpg.rf.19353c0259cf8f8873988adfc653c806.jpg,3.587535143,40.51163483,48.40462875,59.76834106,0.929299474
/content/valid/b63047d79767cb3e5b6a9b98be8e5346_jpg.rf.19353c0259cf8f8873988adfc653c806.jpg,6.010593891,359.9072571,41.43444061,375.543396,0.847881317
/content/valid/286810eae95d71ce7d7deaee75daafc6_jpg.rf.1d7d4267c13f7e3900b6716d5417cb1c.jpg,4.315901279,16.34933662,37.19200516,39.01068497,0.965279698
/content/valid/286810eae95d71ce7d7deaee75daafc6_jpg.rf.1d7d4267c13f7e3900b6716d5417cb1c.jpg,0,15.48038006,47.22990417,48.50710297,0.070483334
/content/valid/286810eae95d71ce7d7deaee75daafc6_jpg.rf.1d7d4267c13f7e3900b6716d5417cb1c.jpg,10.82699013,0,36.02009201,49.69659424,0.068901338
/content/valid/832841f985b8de18f3c58cdd86676eb7_jpg.rf.38999405468a0220f6edf8ca58f481f7.jpg,13.16563988,219.0297394,82.38702393,238.4541168,0.846964538
/content/valid/832841f985b8de18f3c58cdd86676eb7_jpg.rf.38999405468a0220f6edf8ca58f481f7.jpg,16.18560219,219.9462738,56.88059616,236.1357574,0.177843779
/content/valid/832841f985b8de18f3c58cdd86676eb7_jpg.rf.38999405468a0220f6edf8ca58f481f7.jpg,43.08114624,220.4866943,89.30809784,234.8878174,0.175737053
/content/valid/832841f985b8de18f3c58cdd86676eb7_jpg.rf.38999405468a0220f6edf8ca58f481f7.jpg,32.33932114,207.5446625,63.7165184,251.526413,0.079269066
/content/valid/b35e05b9e6c84fe5cbcfe4fbc7f7ddbd_jpg.rf.0665d64c871902503a3598edde7c697f.jpg,17.37542534,175.4217072,59.23651123,190.8787842,0.921905577
/content/valid/b35e05b9e6c84fe5cbcfe4fbc7f7ddbd_jpg.rf.0665d64c871902503a3598edde7c697f.jpg,36.51660538,11.533741,71.94085693,25.35813332,0.919625759
/content/valid/b35e05b9e6c84fe5cbcfe4fbc7f7ddbd_jpg.rf.0665d64c871902503a3598edde7c697f.jpg,41.39634705,65.78752136,62.93645096,81.7299118,0.664651394
/content/valid/b35e05b9e6c84fe5cbcfe4fbc7f7ddbd_jpg.rf.0665d64c871902503a3598edde7c697f.jpg,25.00537109,277.583374,57.56293488,291.1140137,0.403966665
/content/valid/b35e05b9e6c84fe5cbcfe4fbc7f7ddbd_jpg.rf.0665d64c871902503a3598edde7c697f.jpg,14.25451565,176.9363861,71.53127289,198.3892212,0.097750992
/content/valid/b35e05b9e6c84fe5cbcfe4fbc7f7ddbd_jpg.rf.0665d64c871902503a3598edde7c697f.jpg,22.60901642,231.8285675,52.39515305,244.8998871,0.097580507
/content/valid/b35e05b9e6c84fe5cbcfe4fbc7f7ddbd_jpg.rf.0665d64c871902503a3598edde7c697f.jpg,23.89818573,342.0201416,53.53379059,356.2757568,0.069056459
/content/valid/98225feb400914bab547692929f70b70_jpg.rf.20352a4463c8f0026e02dde6e2ecb1b8.jpg,23.46530914,232.3094025,74.93431091,246.9206238,0.95450002
/content/valid/98225feb400914bab547692929f70b70_jpg.rf.20352a4463c8f0026e02dde6e2ecb1b8.jpg,51.74048996,8.111413956,77.73016357,22.46006966,0.080760345
/content/valid/73509fc5c9470441a6b185dcd1eadb79_jpg.rf.1f74a19249d3cdd8966023621f123641.jpg,20.9896698,32.11701584,85.20554352,51.77701187,0.07034076
/content/valid/DM21345_pdf_0_jpg.rf.08abeb9afe1e69f89e661d3003fdabbc.jpg,29.66308403,221.8043823,70.85128021,236.0276794,0.823434234
/content/valid/DM21345_pdf_0_jpg.rf.08abeb9afe1e69f89e661d3003fdabbc.jpg,34.19612122,345.6583557,67.64013672,362.7793274,0.8011657
/content/valid/DM21345_pdf_0_jpg.rf.08abeb9afe1e69f89e661d3003fdabbc.jpg,31.49256134,134.0711517,67.83612823,148.5508728,0.770601392
/content/valid/DM21345_pdf_0_jpg.rf.08abeb9afe1e69f89e661d3003fdabbc.jpg,29.06882668,94.08594513,66.53255463,108.9123993,0.756464839
/content/valid/DM21345_pdf_0_jpg.rf.08abeb9afe1e69f89e661d3003fdabbc.jpg,20.30000305,126.0874023,76.0032959,147.0696716,0.058174793
/content/valid/b9b48cbd0407f490f92de7539e0bceb9_jpg.rf.397c1a0970c6b794f79ff37d9e277edd.jpg,27.61044121,15.083848,67.72711945,29.8039856,0.924150646
/content/valid/b9b48cbd0407f490f92de7539e0bceb9_jpg.rf.397c1a0970c6b794f79ff37d9e277edd.jpg,24.20016861,14.22938919,84.24172974,34.74024963,0.089179471
/content/valid/DM21379_pdf_4_jpg.rf.36ef5f0d891897cd9ff94a61b5b08809.jpg,6.501592159,24.91389847,38.50499344,46.93981552,0.936376452
/content/valid/DM21379_pdf_4_jpg.rf.36ef5f0d891897cd9ff94a61b5b08809.jpg,0,22.87682915,48.71154022,54.96890259,0.071347207
/content/valid/DM21379_pdf_4_jpg.rf.36ef5f0d891897cd9ff94a61b5b08809.jpg,7.309933186,10.2207756,35.0184288,54.5921669,0.068460822
/content/valid/DM21340_pdf_0_jpg.rf.1e97fa3010e69dbe356958e77359f015.jpg,30.55072784,103.4175034,64.55680084,123.4800415,0.864833951
/content/valid/DM21340_pdf_0_jpg.rf.1e97fa3010e69dbe356958e77359f015.jpg,24.85840416,223.8874359,60.66797638,237.592865,0.856506348
/content/valid/DM21340_pdf_0_jpg.rf.1e97fa3010e69dbe356958e77359f015.jpg,36.24391174,108.9294052,74.26702118,125.1028137,0.10343723
/content/valid/DM21340_pdf_0_jpg.rf.1e97fa3010e69dbe356958e77359f015.jpg,33.97473907,97.3928833,61.33522797,133.6335297,0.067613393
/content/valid/DM21340_pdf_0_jpg.rf.1e97fa3010e69dbe356958e77359f015.jpg,41.17390823,102.3933105,60.28539276,127.7041779,0.053383712
/content/valid/DM21340_pdf_0_jpg.rf.1e97fa3010e69dbe356958e77359f015.jpg,22.3491745,101.4485474,81.15592194,130.4690094,0.050295155
/content/valid/DM21335_pdf_3_jpg.rf.2bf2a830f37f02eefe908b2e52ff3203.jpg,24.73989677,30.56828308,56.55547333,54.07949066,0.980337083
/content/valid/DM21335_pdf_3_jpg.rf.2bf2a830f37f02eefe908b2e52ff3203.jpg,15.1979599,27.52854919,66.59777069,58.66493607,0.072578035
/content/valid/DM21375_pdf_2_jpg.rf.1785ab7401481e27628690e93eddf492.jpg,13.12643242,292.2484131,52.69099426,306.0258484,0.861763477
/content/valid/DM21375_pdf_2_jpg.rf.1785ab7401481e27628690e93eddf492.jpg,13.30902195,220.6724091,42.50508499,244.6273041,0.839104652
/content/valid/DM21375_pdf_2_jpg.rf.1785ab7401481e27628690e93eddf492.jpg,16.34269333,209.2144165,41.71612549,254.2335815,0.054103699
/content/valid/975701027e78b69faf3c9db6013818c4_jpg.rf.05382b2263b2be504a940c09634cbcf8.jpg,1.924776673,70.09947968,43.31244659,85.2565918,0.759293795
/content/valid/975701027e78b69faf3c9db6013818c4_jpg.rf.05382b2263b2be504a940c09634cbcf8.jpg,0.143028468,14.75755215,44.8047142,31.30063057,0.755080283
/content/valid/975701027e78b69faf3c9db6013818c4_jpg.rf.05382b2263b2be504a940c09634cbcf8.jpg,8.952784538,70.228302,69.58794403,86.06233215,0.57265085
/content/valid/975701027e78b69faf3c9db6013818c4_jpg.rf.05382b2263b2be504a940c09634cbcf8.jpg,7.670135021,13.40719128,68.97357941,32.38590622,0.531308174
/content/valid/975701027e78b69faf3c9db6013818c4_jpg.rf.05382b2263b2be504a940c09634cbcf8.jpg,6.512546539,64.3634491,51.55434799,90.34978485,0.111641563
/content/valid/975701027e78b69faf3c9db6013818c4_jpg.rf.05382b2263b2be504a940c09634cbcf8.jpg,5.885451794,9.196588516,49.15963745,37.93028641,0.090450615
/content/valid/975701027e78b69faf3c9db6013818c4_jpg.rf.05382b2263b2be504a940c09634cbcf8.jpg,21.26173782,2.641833544,50.74374008,49.89450073,0.054266807
/content/valid/bd9cddff89c909926f380c6bd40fb85b_jpg.rf.50ef8d7d4ed3c6c9786ffbe84a65fb92.jpg,31.30607414,264.574585,78.07817841,285.9515076,0.977994621
/content/valid/bd9cddff89c909926f380c6bd40fb85b_jpg.rf.50ef8d7d4ed3c6c9786ffbe84a65fb92.jpg,27.89180374,350.5930176,71.32538605,368.0514832,0.9272964
/content/valid/bd9cddff89c909926f380c6bd40fb85b_jpg.rf.50ef8d7d4ed3c6c9786ffbe84a65fb92.jpg,21.38980865,346.3213806,89.37368774,367.0230713,0.15362598
/content/valid/bd9cddff89c909926f380c6bd40fb85b_jpg.rf.50ef8d7d4ed3c6c9786ffbe84a65fb92.jpg,35.95017242,253.9859161,66.17424774,295.5813599,0.108599491
/content/valid/bd9cddff89c909926f380c6bd40fb85b_jpg.rf.50ef8d7d4ed3c6c9786ffbe84a65fb92.jpg,26.48478699,270.1665039,80.4757843,293.0877991,0.067376912
/content/valid/DM21332_pdf_3_jpg.rf.31a81387866dc582d8ee665505e14d16.jpg,28.1402359,19.99775314,67.07077789,35.65232086,0.903589129
/content/valid/DM21332_pdf_3_jpg.rf.31a81387866dc582d8ee665505e14d16.jpg,22.77482414,17.04825401,83.18212891,37.35800934,0.138810322
/content/valid/DM21338_pdf_0_jpg.rf.235c787fd9f723a4c0a7fcd7c78248a2.jpg,12.5821867,275.9745789,47.31784821,288.6565857,0.875381708
/content/valid/DM21338_pdf_0_jpg.rf.235c787fd9f723a4c0a7fcd7c78248a2.jpg,22.66265678,107.2379761,55.93358612,121.868782,0.838760495
/content/valid/DM21338_pdf_0_jpg.rf.235c787fd9f723a4c0a7fcd7c78248a2.jpg,38.26058578,149.1284943,62.61194992,161.7044373,0.150742069
/content/valid/DM21346_pdf_1_jpg.rf.0f3345719b9ae190beca5523f74f4c79.jpg,21.57482338,145.5026703,57.95966721,159.1479797,0.621904492
/content/valid/DM21346_pdf_1_jpg.rf.0f3345719b9ae190beca5523f74f4c79.jpg,10.99382877,148.6484375,50.10639954,161.4142151,0.076078445
/content/valid/DM21346_pdf_1_jpg.rf.0f3345719b9ae190beca5523f74f4c79.jpg,31.4840107,146.671051,61.26891708,163.5021667,0.051668171
/content/valid/16562fb601b9c4c4fe07b24f92f466dc_jpg.rf.51d1336f54ffaaa84867884c4b0e97e3.jpg,66.58123779,4.830283165,105.7376175,19.69773483,0.893220782
/content/valid/16562fb601b9c4c4fe07b24f92f466dc_jpg.rf.51d1336f54ffaaa84867884c4b0e97e3.jpg,43.28404617,160.0341187,83.6262207,176.6230774,0.888909161
/content/valid/16562fb601b9c4c4fe07b24f92f466dc_jpg.rf.51d1336f54ffaaa84867884c4b0e97e3.jpg,36.47105408,156.7930145,108.5943604,177.2920685,0.084341243
/content/valid/a188c1b1d2b010c6076f9cc50444432a_jpg.rf.55536f608790ab1c04f74211f7e069ae.jpg,17.26666069,11.80563354,51.63785553,25.70338631,0.945732117
/content/valid/a188c1b1d2b010c6076f9cc50444432a_jpg.rf.55536f608790ab1c04f74211f7e069ae.jpg,26.77701759,10.85181713,44.74170685,30.34983444,0.053123694
/content/valid/aee48f0b7e58a5e406d4b6e9341b34c8_jpg.rf.58a7a669959cadb9b42093a612acaad3.jpg,21.76589203,46.37950134,71.55557251,64.82097626,0.927840531
/content/valid/DM21350_pdf_2_jpg.rf.1bc9ffecc0f05b8f9274742faebbdb70.jpg,15.05968952,170.1880188,62.41620255,186.2171478,0.885119736
/content/valid/DM21350_pdf_2_jpg.rf.1bc9ffecc0f05b8f9274742faebbdb70.jpg,5.78113842,379.668396,70.34368134,396.3067932,0.603565335
/content/valid/DM21350_pdf_2_jpg.rf.1bc9ffecc0f05b8f9274742faebbdb70.jpg,11.38672447,167.4907227,87.42893219,188.7202148,0.255675435
/content/valid/DM21350_pdf_2_jpg.rf.1bc9ffecc0f05b8f9274742faebbdb70.jpg,13.02594662,166.1749115,56.19994736,194.74823,0.064581782
/content/valid/DM21347_pdf_0_jpg.rf.0ebec8aa3d3f672a6068cb411482f249.jpg,25.50816727,101.5466614,78.56148529,119.0905228,0.499787182
/content/valid/DM21347_pdf_0_jpg.rf.0ebec8aa3d3f672a6068cb411482f249.jpg,16.53695488,276.0184326,87.80318451,295.8211365,0.462899327
/content/valid/DM21347_pdf_0_jpg.rf.0ebec8aa3d3f672a6068cb411482f249.jpg,10.44947433,266.8301697,86.39878845,289.0102234,0.400577396
/content/valid/DM21347_pdf_0_jpg.rf.0ebec8aa3d3f672a6068cb411482f249.jpg,12.34490967,258.0137024,82.38583374,279.9862366,0.235529095
/content/valid/DM21347_pdf_0_jpg.rf.0ebec8aa3d3f672a6068cb411482f249.jpg,8.974664688,244.3694,82.97146606,263.428894,0.231024832
/content/valid/DM21347_pdf_0_jpg.rf.0ebec8aa3d3f672a6068cb411482f249.jpg,14.49961948,245.9677734,56.68184662,261.1560059,0.226779714
/content/valid/DM21347_pdf_0_jpg.rf.0ebec8aa3d3f672a6068cb411482f249.jpg,12.25991917,250.2701263,80.71726227,270.9751892,0.164660066
/content/valid/DM21347_pdf_0_jpg.rf.0ebec8aa3d3f672a6068cb411482f249.jpg,17.66884041,262.8914795,62.36645508,292.3892212,0.160857141
/content/valid/DM21347_pdf_0_jpg.rf.0ebec8aa3d3f672a6068cb411482f249.jpg,24.59011078,100.748291,60.44452286,115.1420212,0.14315699
/content/valid/DM21347_pdf_0_jpg.rf.0ebec8aa3d3f672a6068cb411482f249.jpg,41.77031708,279.3426208,83.873703,293.5963745,0.125913888
/content/valid/DM21347_pdf_0_jpg.rf.0ebec8aa3d3f672a6068cb411482f249.jpg,56.41776276,151.2913208,80.84856415,163.8647461,0.124455877
/content/valid/DM21347_pdf_0_jpg.rf.0ebec8aa3d3f672a6068cb411482f249.jpg,32.29049301,252.69133,63.08888245,297.7969055,0.123256087
/content/valid/DM21347_pdf_0_jpg.rf.0ebec8aa3d3f672a6068cb411482f249.jpg,14.90811157,274.4992065,53.54203415,292.3913574,0.068362661
/content/valid/DM21347_pdf_0_jpg.rf.0ebec8aa3d3f672a6068cb411482f249.jpg,41.95223618,246.4301147,70.87467194,292.3055725,0.064133227
/content/valid/DM21347_pdf_0_jpg.rf.0ebec8aa3d3f672a6068cb411482f249.jpg,19.34535789,100.3642578,89.90740967,127.7202301,0.063779838
/content/valid/DM21347_pdf_0_jpg.rf.0ebec8aa3d3f672a6068cb411482f249.jpg,12.2297821,253.799057,54.55097198,286.6676331,0.052112322
/content/valid/DM21339_pdf_1_jpg.rf.3a7f7121f39106221facf61d957331d1.jpg,26.05002022,174.6295166,60.99316788,196.1291504,0.970267057
/content/valid/DM21339_pdf_1_jpg.rf.3a7f7121f39106221facf61d957331d1.jpg,27.99870872,61.47078705,57.41749191,76.85227966,0.960456073
/content/valid/DM21339_pdf_1_jpg.rf.3a7f7121f39106221facf61d957331d1.jpg,28.83445358,309.5773621,55.34545517,325.4351501,0.777873218
/content/valid/DM21339_pdf_1_jpg.rf.3a7f7121f39106221facf61d957331d1.jpg,36.77131653,60.77920532,54.05106735,81.36308289,0.141208485
/content/valid/DM334_pdf_2_jpg.rf.44dca772e355cf87e905bd0ada910286.jpg,2.886369705,40.89010239,36.3793602,56.37864685,0.953023791
/content/valid/DM334_pdf_2_jpg.rf.44dca772e355cf87e905bd0ada910286.jpg,0,298.9450989,20.11313248,312.3312073,0.189452708
/content/valid/DM334_pdf_2_jpg.rf.44dca772e355cf87e905bd0ada910286.jpg,0,37.79899597,51.67333221,60.26081848,0.12625739
/content/valid/DM334_pdf_2_jpg.rf.44dca772e355cf87e905bd0ada910286.jpg,10.1590519,37.89922714,29.05585098,59.93187714,0.066390835
/content/valid/CG21230_pdf_4_jpg.rf.4b19f8e3d552fa3b3de06cabda489431.jpg,7.13615799,177.6594238,40.22116852,195.2596741,0.843868494
/content/valid/CG21230_pdf_4_jpg.rf.4b19f8e3d552fa3b3de06cabda489431.jpg,15.16228008,175.3497314,34.31706238,198.4008179,0.086790539
/content/valid/753b1d6c9d8ae03f8f368c26aa4e01a8_jpg.rf.41098853727ecbae59c5fabb22760812.jpg,34.33563232,12.73061943,74.71483612,28.07230186,0.937701762
/content/valid/753b1d6c9d8ae03f8f368c26aa4e01a8_jpg.rf.41098853727ecbae59c5fabb22760812.jpg,35.95475006,254.8446198,71.71905518,270.0365295,0.726425231
/content/valid/753b1d6c9d8ae03f8f368c26aa4e01a8_jpg.rf.41098853727ecbae59c5fabb22760812.jpg,36.68050003,253.7212067,92.72357941,272.604187,0.262027115
/content/valid/753b1d6c9d8ae03f8f368c26aa4e01a8_jpg.rf.41098853727ecbae59c5fabb22760812.jpg,31.99212837,8.105847359,95.71148682,28.63076973,0.090896025
/content/valid/DM21316_pdf_1_jpg.rf.36e083e40272b2bf935e13aeea40e80a.jpg,10.99146271,193.1529999,59.81774139,210.2627716,0.919514358
/content/valid/DM21316_pdf_1_jpg.rf.36e083e40272b2bf935e13aeea40e80a.jpg,34.84272766,249.6782532,64.31214905,268.3473511,0.905295968
/content/valid/DM21316_pdf_1_jpg.rf.36e083e40272b2bf935e13aeea40e80a.jpg,32.86668396,340.2136536,60.38936996,356.7563171,0.842412174
/content/valid/DM21316_pdf_1_jpg.rf.36e083e40272b2bf935e13aeea40e80a.jpg,38.96456528,18.01832199,64.55476379,33.38312912,0.816178203
/content/valid/DM21316_pdf_1_jpg.rf.36e083e40272b2bf935e13aeea40e80a.jpg,3.821583986,189.637619,70.26808929,215.9890747,0.111607462
/content/valid/DM21316_pdf_1_jpg.rf.36e083e40272b2bf935e13aeea40e80a.jpg,23.54764748,246.5388031,73.71707916,269.6833496,0.08039777
/content/valid/DM21316_pdf_1_jpg.rf.36e083e40272b2bf935e13aeea40e80a.jpg,40.43993378,8.898114204,65.02758789,44.08225632,0.0548678
/content/valid/CH21234_pdf_0_jpg.rf.17d601bed509c534798547c42c3fce80.jpg,16.85464668,99.96389771,52.06773376,114.8244858,0.783192396
/content/valid/CH21234_pdf_0_jpg.rf.17d601bed509c534798547c42c3fce80.jpg,10.32419968,95.66687775,67.04840088,117.7713394,0.119426169
/content/valid/12703b690916d2e0d56ca4f32788b109_jpg.rf.4673f60553882d4ba6ff74979c868674.jpg,24.75074959,91.30995941,57.22266388,107.70047,0.831175923
/content/valid/12703b690916d2e0d56ca4f32788b109_jpg.rf.4673f60553882d4ba6ff74979c868674.jpg,33.74891663,334.8817139,62.45519257,348.0379028,0.701639593
/content/valid/12703b690916d2e0d56ca4f32788b109_jpg.rf.4673f60553882d4ba6ff74979c868674.jpg,35.46932983,136.7418823,58.07936096,151.334671,0.624808729
/content/valid/12703b690916d2e0d56ca4f32788b109_jpg.rf.4673f60553882d4ba6ff74979c868674.jpg,31.82992363,88.44631958,50.23186493,111.2700119,0.075222164
/content/valid/12703b690916d2e0d56ca4f32788b109_jpg.rf.4673f60553882d4ba6ff74979c868674.jpg,37.4924202,130.1172943,58.45915985,158.3487091,0.061105113
/content/valid/DM21340_pdf_4_jpg.rf.52e7ec96324b2dd704402cd62d55776f.jpg,8.350060463,158.3400269,37.86944962,183.5554352,0.974776268
/content/valid/DM21342_pdf_0_jpg.rf.5691fbc8affc1a725d5138609b9fda20.jpg,54.91666412,290.1372681,84.99469757,302.4771118,0.393951297
/content/valid/DM21342_pdf_0_jpg.rf.5691fbc8affc1a725d5138609b9fda20.jpg,51.21991348,115.9571381,77.31060791,128.7960052,0.254893184
/content/valid/a604517ac50208e5775e2391c4a0708b_jpg.rf.3afe34db9d4c612ab54a1e0e84c90ce1.jpg,5.652885437,3.846099615,37.48901749,17.39998245,0.874693513
/content/valid/00806d76b22f2eba3fdf11ca33b9a04b_jpg.rf.5de66e2c1acac7e10ed10cb8ada6c695.jpg,17.11821747,25.23226738,63.63705063,40.50062561,0.890246272
/content/valid/00806d76b22f2eba3fdf11ca33b9a04b_jpg.rf.5de66e2c1acac7e10ed10cb8ada6c695.jpg,7.841357708,20.58555412,74.9311676,38.72294998,0.102574363
/content/valid/DM21339_pdf_4_jpg.rf.50073495818c4a46aee7646a6d197ded.jpg,18.64795876,119.0067215,50.37009048,143.0737152,0.938225627
/content/valid/DM21339_pdf_4_jpg.rf.50073495818c4a46aee7646a6d197ded.jpg,10.32484436,118.7447968,60.59712982,151.3860016,0.05754777
/content/valid/89822181cee2aa463d2b2645b9b92b08_jpg.rf.54aa221a3d1c01e19b3e8ea941aca966.jpg,32.35970688,73.64396667,68.78620911,88.97892761,0.948228002
/content/valid/89822181cee2aa463d2b2645b9b92b08_jpg.rf.54aa221a3d1c01e19b3e8ea941aca966.jpg,29.26322746,151.9469757,64.28599548,166.1302185,0.859966278
/content/valid/89822181cee2aa463d2b2645b9b92b08_jpg.rf.54aa221a3d1c01e19b3e8ea941aca966.jpg,30.1461277,208.1782837,60.10191727,220.6840057,0.509025335
/content/valid/89822181cee2aa463d2b2645b9b92b08_jpg.rf.54aa221a3d1c01e19b3e8ea941aca966.jpg,27.25193787,71.19701385,82.58397675,91.52845764,0.089544326
/content/valid/89822181cee2aa463d2b2645b9b92b08_jpg.rf.54aa221a3d1c01e19b3e8ea941aca966.jpg,37.57428741,148.6338348,56.46775818,170.1041565,0.050619159
/content/valid/b6cf9e2a4acde1153e5671dc351a0d0a_jpg.rf.7e4fbee93620f6df0d0deff835b54f8d.jpg,44.4924469,9.15900898,83.91348267,27.08721924,0.983743012
/content/valid/b6cf9e2a4acde1153e5671dc351a0d0a_jpg.rf.7e4fbee93620f6df0d0deff835b54f8d.jpg,46.03460312,111.6000748,67.92774963,127.2889175,0.281065553
/content/valid/b6cf9e2a4acde1153e5671dc351a0d0a_jpg.rf.7e4fbee93620f6df0d0deff835b54f8d.jpg,37.74192047,6.56355238,97.38233948,32.98395538,0.052821342
/content/valid/c6f332fb716bfd52bdb75f7be8e1caf3_jpg.rf.624fa7cd8030dd21c763642f2f0cad19.jpg,13.30061913,4.245894432,44.50600815,17.65558815,0.750321805
/content/valid/DM21350_pdf_6_jpg.rf.5f7eb4558894d2f452d9bd2b0cea35e7.jpg,1.416396499,142.358017,52.05899811,158.4103546,0.937833011
/content/valid/DM21350_pdf_6_jpg.rf.5f7eb4558894d2f452d9bd2b0cea35e7.jpg,0,140.236084,68.83267212,166.126236,0.097082041
/content/valid/DM21379_pdf_3_jpg.rf.621cb466a1ffece45f1fc7ec2d9c8c70.jpg,31.06516647,253.4180908,65.0670166,278.2115479,0.955969095
/content/valid/DM21379_pdf_3_jpg.rf.621cb466a1ffece45f1fc7ec2d9c8c70.jpg,28.82712364,17.62239075,69.08926392,43.07433701,0.898780107
/content/valid/DM21379_pdf_3_jpg.rf.621cb466a1ffece45f1fc7ec2d9c8c70.jpg,33.6006813,8.314167976,62.64715958,50.33230591,0.20138669
/content/valid/DM21379_pdf_3_jpg.rf.621cb466a1ffece45f1fc7ec2d9c8c70.jpg,19.71881485,253.4932861,73.96581268,286.1088257,0.054524485
/content/valid/DM21328_1_pdf_5_jpg.rf.4f150a40bcff65b45f662cdcb64246c4.jpg,8.884284019,76.02334595,47.80851364,89.49412537,0.964556515
/content/valid/DM21328_1_pdf_5_jpg.rf.4f150a40bcff65b45f662cdcb64246c4.jpg,6.863408566,318.3258057,38.38450623,338.0574341,0.896925986
/content/valid/DM21328_1_pdf_5_jpg.rf.4f150a40bcff65b45f662cdcb64246c4.jpg,7.900977612,310.1879578,37.28604507,348.6574707,0.07158792
/content/valid/DM21328_1_pdf_5_jpg.rf.4f150a40bcff65b45f662cdcb64246c4.jpg,0,320.3034363,46.77162552,345.4810181,0.06330999
/content/valid/DM21328_1_pdf_5_jpg.rf.4f150a40bcff65b45f662cdcb64246c4.jpg,4.951080799,72.13154602,61.63657761,92.51060486,0.050436247
/content/valid/836c882c8ca2dd0e1f820d3a97f4758f_jpg.rf.40e5d8054efe2b4277883cb45e0dea54.jpg,41.06218338,11.29213238,69.38841248,28.36509323,0.881638348
/content/valid/836c882c8ca2dd0e1f820d3a97f4758f_jpg.rf.40e5d8054efe2b4277883cb45e0dea54.jpg,28.51450729,133.3203583,64.57447815,147.2145386,0.604872227
/content/valid/836c882c8ca2dd0e1f820d3a97f4758f_jpg.rf.40e5d8054efe2b4277883cb45e0dea54.jpg,27.99806595,330.6341858,68.21781921,346.1677246,0.147007167
/content/valid/836c882c8ca2dd0e1f820d3a97f4758f_jpg.rf.40e5d8054efe2b4277883cb45e0dea54.jpg,32.31196594,8.287530899,84.84539795,29.61745453,0.077853076
/content/valid/836c882c8ca2dd0e1f820d3a97f4758f_jpg.rf.40e5d8054efe2b4277883cb45e0dea54.jpg,33.08484268,266.6312561,82.55189514,285.0975952,0.062239144
/content/valid/DM334_pdf_3_jpg.rf.656f1961b3a4d0ddf097e3b9c9835c0d.jpg,4.950815678,329.1658325,44.8309021,346.7368164,0.859855473
/content/valid/DM334_pdf_3_jpg.rf.656f1961b3a4d0ddf097e3b9c9835c0d.jpg,16.92775536,101.0158081,69.27380371,119.4413681,0.839764833
/content/valid/DM334_pdf_3_jpg.rf.656f1961b3a4d0ddf097e3b9c9835c0d.jpg,0,13.39987946,23.12414932,31.54397583,0.593638122
/content/valid/DM334_pdf_3_jpg.rf.656f1961b3a4d0ddf097e3b9c9835c0d.jpg,0.561295152,329.3562012,54.02015305,355.3545837,0.068065278
/content/valid/DM21320_pdf_1_jpg.rf.6390129f13481ef9e68b3bf349b06e21.jpg,28.96162796,25.03009415,66.27680206,43.48868561,0.915450215
/content/valid/DM21320_pdf_1_jpg.rf.6390129f13481ef9e68b3bf349b06e21.jpg,19.43361855,22.59379387,80.06782532,49.91119003,0.058895767
/content/valid/b4da1688e881a2006f8337dae95b481e_jpg.rf.912a93af5f5024bd67b641c873280533.jpg,0.841056645,0.097013175,31.27689362,14.16785049,0.968865514
/content/valid/1857f69000a75288f2710977b296bf58_jpg.rf.92116d519950b306a24cd4893824a2f6.jpg,12.8215313,153.325058,51.62804031,178.4773254,0.967802584
/content/valid/1857f69000a75288f2710977b296bf58_jpg.rf.92116d519950b306a24cd4893824a2f6.jpg,21.37086868,143.1741943,50.50950241,187.9807434,0.078861207
/content/valid/9751d934815b760bf40dba9bc91188d7_jpg.rf.96a71728d41986986a265a55bed25f0e.jpg,17.3489418,73.97146606,55.20055771,95.23521423,0.953058362
/content/valid/9751d934815b760bf40dba9bc91188d7_jpg.rf.96a71728d41986986a265a55bed25f0e.jpg,14.83354378,303.6795349,48.06429672,318.4229736,0.710636973
/content/valid/9751d934815b760bf40dba9bc91188d7_jpg.rf.96a71728d41986986a265a55bed25f0e.jpg,31.35532951,256.9989929,57.53424454,272.6062317,0.401590377
/content/valid/9751d934815b760bf40dba9bc91188d7_jpg.rf.96a71728d41986986a265a55bed25f0e.jpg,12.14770985,78.17931366,66.83273315,100.4554291,0.137160659
/content/valid/9751d934815b760bf40dba9bc91188d7_jpg.rf.96a71728d41986986a265a55bed25f0e.jpg,10.73357105,301.5012207,66.68373108,320.2045593,0.092158534
/content/valid/9751d934815b760bf40dba9bc91188d7_jpg.rf.96a71728d41986986a265a55bed25f0e.jpg,27.20566559,61.09841156,51.99608612,110.5276489,0.076701514
/content/valid/9751d934815b760bf40dba9bc91188d7_jpg.rf.96a71728d41986986a265a55bed25f0e.jpg,21.21567726,80.39865875,57.54250717,107.4972382,0.060816694
/content/valid/b2e9a426d49ef3afaf01b46672314c50_jpg.rf.63a36d04cf0c3e02a9fb0be298a9eef1.jpg,19.09798241,98.24029541,54.76171112,112.5258255,0.936756968
/content/valid/b2e9a426d49ef3afaf01b46672314c50_jpg.rf.63a36d04cf0c3e02a9fb0be298a9eef1.jpg,14.08339024,95.42097473,74.33695221,114.1893082,0.068363972
/content/valid/DM21328_1_pdf_2_jpg.rf.583a6f9f934fc1a2e2a802f9211ec997.jpg,0,33.41793823,34.27314377,49.96021271,0.968742967
/content/valid/DM21328_1_pdf_2_jpg.rf.583a6f9f934fc1a2e2a802f9211ec997.jpg,4.699168682,27.03881073,34.38474655,60.72881317,0.051486418
/content/valid/1875ebe9f91197f50834868a3bdb0558_jpg.rf.6754b01375fa45916c119c454294be40.jpg,36.40389252,0,70.68397522,14.66242027,0.936383843
/content/valid/1875ebe9f91197f50834868a3bdb0558_jpg.rf.6754b01375fa45916c119c454294be40.jpg,42.61073685,0,62.39715576,18.85142326,0.083204255
/content/valid/b179c10a5568d524041566141f514f4f_jpg.rf.aa76bb387501b4ec52285d88468bd2c4.jpg,26.88890266,15.70492649,61.42658234,28.94680023,0.836966932
/content/valid/b179c10a5568d524041566141f514f4f_jpg.rf.aa76bb387501b4ec52285d88468bd2c4.jpg,43.12191772,170.374649,64.47267914,184.6115265,0.16196309
/content/valid/b179c10a5568d524041566141f514f4f_jpg.rf.aa76bb387501b4ec52285d88468bd2c4.jpg,18.46491814,14.02814007,77.57501984,32.73202133,0.084685437
/content/valid/CG21244_pdf_6_jpg.rf.80d8fb7d3e314b5aa25af47dcaa7f24c.jpg,5.803236485,12.83869839,35.16737366,26.45248032,0.54770565
/content/valid/CG21244_pdf_6_jpg.rf.80d8fb7d3e314b5aa25af47dcaa7f24c.jpg,9.835296631,9.760531425,40.88318253,23.10830116,0.064878054
/content/valid/DM21319_pdf_1_jpg.rf.8057e3f4f63dfa4c1d21b07cfa8ea703.jpg,24.4640007,46.15708923,58.41337967,59.55576706,0.949559391
/content/valid/DM21319_pdf_1_jpg.rf.8057e3f4f63dfa4c1d21b07cfa8ea703.jpg,15.58455563,41.87540054,77.2837677,60.79621887,0.072178729
/content/valid/DM21346_pdf_5_jpg.rf.74b124f602c10c2e739a35617353a722.jpg,37.31692505,276.0618591,75.92560577,290.0640869,0.927521884
/content/valid/DM21346_pdf_5_jpg.rf.74b124f602c10c2e739a35617353a722.jpg,62.19448471,33.82729721,89.36266327,50.41871262,0.747965932
/content/valid/4888a3da0488c526fef97625cec6a441_jpg.rf.702e2e4946d3ac6183605dc0139dbac2.jpg,24.49799919,233.9634399,60.65021896,247.0458374,0.662312984
/content/valid/a862af441de7891b0918c65a67ca4dff_jpg.rf.8ecaceecb5abe1ad7ecf2fb8bee5edd0.jpg,23.78313446,186.8663025,64.99815369,201.1619263,0.970491707
/content/valid/a862af441de7891b0918c65a67ca4dff_jpg.rf.8ecaceecb5abe1ad7ecf2fb8bee5edd0.jpg,18.14632797,130.9340973,63.69478607,145.4141693,0.843547404
/content/valid/a862af441de7891b0918c65a67ca4dff_jpg.rf.8ecaceecb5abe1ad7ecf2fb8bee5edd0.jpg,18.17691422,76.52081299,54.81151581,89.66996002,0.70395714
/content/valid/a862af441de7891b0918c65a67ca4dff_jpg.rf.8ecaceecb5abe1ad7ecf2fb8bee5edd0.jpg,14.16647625,271.4568787,76.30027008,288.988739,0.146326944
/content/valid/a862af441de7891b0918c65a67ca4dff_jpg.rf.8ecaceecb5abe1ad7ecf2fb8bee5edd0.jpg,18.52923203,269.4371643,62.90840149,284.2454529,0.094129302
/content/valid/a862af441de7891b0918c65a67ca4dff_jpg.rf.8ecaceecb5abe1ad7ecf2fb8bee5edd0.jpg,19.32098579,274.1956177,56.25328064,287.4328918,0.075991161
/content/valid/a862af441de7891b0918c65a67ca4dff_jpg.rf.8ecaceecb5abe1ad7ecf2fb8bee5edd0.jpg,15.81855392,126.0271759,59.19619751,152.0056305,0.069264576
/content/valid/a862af441de7891b0918c65a67ca4dff_jpg.rf.8ecaceecb5abe1ad7ecf2fb8bee5edd0.jpg,14.3555069,262.5320435,75.445961,281.5213013,0.056435313
/content/valid/a30e4ad06a53d1dc9742f4b31ca8a8d9_jpg.rf.663d69942e82595a88e29ad3286022b5.jpg,26.88373375,78.41438293,61.32270432,95.89024353,0.870108366
/content/valid/a30e4ad06a53d1dc9742f4b31ca8a8d9_jpg.rf.663d69942e82595a88e29ad3286022b5.jpg,36.65829468,77.43717957,55.60173798,100.0409088,0.056097798
/content/valid/a30e4ad06a53d1dc9742f4b31ca8a8d9_jpg.rf.663d69942e82595a88e29ad3286022b5.jpg,32.90900803,71.08408356,60.05239105,106.9583893,0.055814397
/content/valid/afec1ce1843b3723830fc1cbd5a7fdb4_jpg.rf.6e6b89456bac9a214210174153d968d3.jpg,8.95347023,6.132728577,40.78126526,19.88662338,0.925836146
/content/valid/afec1ce1843b3723830fc1cbd5a7fdb4_jpg.rf.6e6b89456bac9a214210174153d968d3.jpg,375.5548706,13.45313644,405.2091064,28.13656044,0.499036372
/content/valid/afec1ce1843b3723830fc1cbd5a7fdb4_jpg.rf.6e6b89456bac9a214210174153d968d3.jpg,15.86462784,5.672195435,33.59526443,25.48567581,0.094901651
/content/valid/98076dde9f42962c5dabae6aa50eada4_jpg.rf.8d073857dac9089b826055f3907768e9.jpg,20.65727997,309.4689941,54.39326477,326.3271484,0.903595686
/content/valid/98076dde9f42962c5dabae6aa50eada4_jpg.rf.8d073857dac9089b826055f3907768e9.jpg,26.91275215,306.508667,46.23727798,328.9972229,0.125663176
/content/valid/b316d9db1e972658a22394c8a1e249e3_jpg.rf.b824d1d3c9f7d9e48d44d301795f5775.jpg,35.61293411,93.01959229,56.74915314,110.0706711,0.757476032
/content/valid/b316d9db1e972658a22394c8a1e249e3_jpg.rf.b824d1d3c9f7d9e48d44d301795f5775.jpg,36.12457275,84.46327972,56.65275955,118.9810486,0.093828574
/content/valid/b316d9db1e972658a22394c8a1e249e3_jpg.rf.b824d1d3c9f7d9e48d44d301795f5775.jpg,35.92505264,87.23243713,56.00015259,103.3982925,0.081829943
/content/valid/b316d9db1e972658a22394c8a1e249e3_jpg.rf.b824d1d3c9f7d9e48d44d301795f5775.jpg,36.58313751,98.43608093,57.53047562,115.533432,0.067956194
/content/valid/808b7afc9fdda13a87eecab4ed92dd3f_jpg.rf.5e2a30b74681ffa2e7b07b495d38c464.jpg,20.08865356,19.75073051,66.74211884,37.27399445,0.971345425
/content/valid/808b7afc9fdda13a87eecab4ed92dd3f_jpg.rf.5e2a30b74681ffa2e7b07b495d38c464.jpg,14.3092041,18.28606224,74.7734375,45.4720192,0.073842481
/content/valid/b5f569273d75f287c85a2ddab98b8c5d_jpg.rf.b85a8b8c07c271ee23d61baa18f7218c.jpg,27.82239342,201.9712067,74.97052765,222.4884186,0.975041509
/content/valid/b5f569273d75f287c85a2ddab98b8c5d_jpg.rf.b85a8b8c07c271ee23d61baa18f7218c.jpg,34.0030899,190.1996155,65.67670441,232.9615936,0.077158757
/content/valid/DM21319_pdf_0_jpg.rf.8eec0be0305aa504c5473009352e06b3.jpg,25.57969284,103.718689,56.94809341,125.4085464,0.959801972
/content/valid/DM21319_pdf_0_jpg.rf.8eec0be0305aa504c5473009352e06b3.jpg,25.13928986,324.3992615,57.30285263,345.1318359,0.922618687
/content/valid/DM21319_pdf_0_jpg.rf.8eec0be0305aa504c5473009352e06b3.jpg,35.42988205,182.3540955,57.50011063,195.7704926,0.111080013
/content/valid/DM21319_pdf_0_jpg.rf.8eec0be0305aa504c5473009352e06b3.jpg,27.48836327,311.7041626,56.01052475,350.7823486,0.074861139
/content/valid/DM21319_pdf_0_jpg.rf.8eec0be0305aa504c5473009352e06b3.jpg,14.04795361,100.9794159,69.67481995,131.1892853,0.063652813
/content/valid/DM21319_pdf_0_jpg.rf.8eec0be0305aa504c5473009352e06b3.jpg,27.98427773,88.29543304,55.36243057,131.2535858,0.062426846
/content/valid/DM21383_pdf_1_jpg.rf.826ebb16a4ec039b71171d15ad243906.jpg,24.1286087,24.19146729,73.65621185,40.60588455,0.797192812
/content/valid/DM21383_pdf_1_jpg.rf.826ebb16a4ec039b71171d15ad243906.jpg,20.08390617,20.21261787,61.34107971,47.30076599,0.077598408
/content/valid/DM21383_pdf_1_jpg.rf.826ebb16a4ec039b71171d15ad243906.jpg,14.16481876,22.63948631,90.88639069,45.88024521,0.067079365
/content/valid/b4b886ad3e30e7ed9d7b48657f8af150_jpg.rf.bc7edb6e597264c6dbee06eccbf5bff8.jpg,33.13439178,123.0067139,75.92623901,139.7961731,0.93301487
/content/valid/b4b886ad3e30e7ed9d7b48657f8af150_jpg.rf.bc7edb6e597264c6dbee06eccbf5bff8.jpg,24.67755318,120.7230453,84.30641174,149.3347321,0.050424408
/content/valid/5508bd91c232633a6be3981bcbfff5ad_jpg.rf.beb45ffb385eecceaf54fb0d0f51ae45.jpg,22.00539017,86.28349304,67.39582062,104.6578064,0.959145069
/content/valid/5508bd91c232633a6be3981bcbfff5ad_jpg.rf.beb45ffb385eecceaf54fb0d0f51ae45.jpg,24.59145737,31.9846611,71.94395447,49.54902649,0.955067575
/content/valid/5508bd91c232633a6be3981bcbfff5ad_jpg.rf.beb45ffb385eecceaf54fb0d0f51ae45.jpg,31.4205513,207.8490143,76.4217453,225.5554352,0.699355006
/content/valid/5508bd91c232633a6be3981bcbfff5ad_jpg.rf.beb45ffb385eecceaf54fb0d0f51ae45.jpg,14.90485859,80.65036011,77.03028107,108.7362061,0.055438608
/content/valid/c57cb535ce5483e791ed57449726dca8_jpg.rf.88483d09506041faffbc4100c49b49bd.jpg,19.60296249,97.71212769,53.52432632,113.9655075,0.95989722
/content/valid/c57cb535ce5483e791ed57449726dca8_jpg.rf.88483d09506041faffbc4100c49b49bd.jpg,15.83949852,362.8691711,51.62197113,380.4352112,0.692208409
/content/valid/c57cb535ce5483e791ed57449726dca8_jpg.rf.88483d09506041faffbc4100c49b49bd.jpg,24.19499016,95.02134705,48.23779678,121.9377899,0.073420934
/content/valid/c57cb535ce5483e791ed57449726dca8_jpg.rf.88483d09506041faffbc4100c49b49bd.jpg,15.38794804,98.64865875,64.53591156,121.477356,0.067967072
/content/valid/c57cb535ce5483e791ed57449726dca8_jpg.rf.88483d09506041faffbc4100c49b49bd.jpg,11.34341621,363.7208862,64.75795746,386.8880005,0.054804154
/content/valid/c57cb535ce5483e791ed57449726dca8_jpg.rf.88483d09506041faffbc4100c49b49bd.jpg,22.41301155,359.0615845,46.87262344,387.7423706,0.05062988
/content/valid/a7c47748f7ab97de2f992378f73fbb75_jpg.rf.cc15ae9573ed3d6618c45e85741a1b64.jpg,0.569234967,11.12794495,29.87538528,29.87691307,0.934323847
/content/valid/a7c47748f7ab97de2f992378f73fbb75_jpg.rf.cc15ae9573ed3d6618c45e85741a1b64.jpg,41.81960297,98.82537079,62.31235504,114.1384811,0.115700752
/content/valid/a7c47748f7ab97de2f992378f73fbb75_jpg.rf.cc15ae9573ed3d6618c45e85741a1b64.jpg,6.152072906,13.56759071,45.87837601,28.1565361,0.105839998
/content/valid/a7c47748f7ab97de2f992378f73fbb75_jpg.rf.cc15ae9573ed3d6618c45e85741a1b64.jpg,0.821885765,15.5816431,23.89637375,34.66920853,0.063638985
/content/valid/a7c47748f7ab97de2f992378f73fbb75_jpg.rf.cc15ae9573ed3d6618c45e85741a1b64.jpg,0.607948601,3.188708067,27.19602203,25.25910759,0.053468354
/content/valid/780d41d5917dadc36ab1a6fb2a22eee1_jpg.rf.cfd80c201565a2707eac2c64ca65c062.jpg,26.74031448,289.5259705,103.6267014,309.0043945,0.776027679
/content/valid/780d41d5917dadc36ab1a6fb2a22eee1_jpg.rf.cfd80c201565a2707eac2c64ca65c062.jpg,26.78569221,293.3527832,74.58636475,309.537262,0.37300235
/content/valid/780d41d5917dadc36ab1a6fb2a22eee1_jpg.rf.cfd80c201565a2707eac2c64ca65c062.jpg,44.39255524,278.3239441,75.69800568,321.538269,0.092382342
/content/valid/780d41d5917dadc36ab1a6fb2a22eee1_jpg.rf.cfd80c201565a2707eac2c64ca65c062.jpg,22.97859192,294.0707703,90.26638794,316.6479492,0.070557423
/content/valid/1706f268a753acc7c8d6b2498f72af78_jpg.rf.de09741dc548052e0d9d190d9413a4f7.jpg,19.99052238,154.1221466,40.6405983,168.1981964,0.782226086
/content/valid/761c6d14f8ad7ccbfa3c97bd5cc6a91e_jpg.rf.e02a624223f26a724fbd4bcd3db1e70e.jpg,33.67924881,48.03999329,58.02929688,66.38140869,0.87390399
/content/valid/761c6d14f8ad7ccbfa3c97bd5cc6a91e_jpg.rf.e02a624223f26a724fbd4bcd3db1e70e.jpg,29.27217102,301.7544556,56.59326172,318.3878174,0.766966283
/content/valid/761c6d14f8ad7ccbfa3c97bd5cc6a91e_jpg.rf.e02a624223f26a724fbd4bcd3db1e70e.jpg,25.97975731,2.951964855,59.12693787,18.09236908,0.684916139
/content/valid/761c6d14f8ad7ccbfa3c97bd5cc6a91e_jpg.rf.e02a624223f26a724fbd4bcd3db1e70e.jpg,29.86775398,172.4803619,52.9992981,195.3819885,0.65916121
/content/valid/761c6d14f8ad7ccbfa3c97bd5cc6a91e_jpg.rf.e02a624223f26a724fbd4bcd3db1e70e.jpg,26.05163765,165.6763306,49.87402725,202.881073,0.07792791
/content/valid/761c6d14f8ad7ccbfa3c97bd5cc6a91e_jpg.rf.e02a624223f26a724fbd4bcd3db1e70e.jpg,36.26716232,33.2821579,58.19878387,73.36678314,0.05001802
/content/valid/DM21338_pdf_3_jpg.rf.8fdd0062343c9dd324f389644eb13b38.jpg,34.01536942,9.265926361,63.51664352,34.52053452,0.9602983
/content/valid/c41aff6fe14f909792373af71b553c7b_jpg.rf.99df48c2eed77fec90b1dfcfe384e6a1.jpg,18.71329308,7.919700146,63.78926468,24.01446342,0.908043861
/content/valid/c41aff6fe14f909792373af71b553c7b_jpg.rf.99df48c2eed77fec90b1dfcfe384e6a1.jpg,9.594279289,4.670139313,70.84210968,30.83534813,0.06566675
/content/valid/647592d2de1124cc20d19f90802c1941_jpg.rf.e3675911b6c65a6914d5dd013eb0331e.jpg,9.224723816,9.902787209,39.11442184,32.66439056,0.885501802
/content/valid/647592d2de1124cc20d19f90802c1941_jpg.rf.e3675911b6c65a6914d5dd013eb0331e.jpg,7.880887985,58.85383987,35.5513649,77.5352478,0.711523592
/content/valid/647592d2de1124cc20d19f90802c1941_jpg.rf.e3675911b6c65a6914d5dd013eb0331e.jpg,12.38690472,0,37.58921814,43.88834381,0.203538775
/content/valid/647592d2de1124cc20d19f90802c1941_jpg.rf.e3675911b6c65a6914d5dd013eb0331e.jpg,11.05193424,46.64890671,34.48475647,88.91235352,0.129702106
/content/valid/647592d2de1124cc20d19f90802c1941_jpg.rf.e3675911b6c65a6914d5dd013eb0331e.jpg,4.410793781,14.8440609,51.76660919,38.24991608,0.057574183
/content/valid/647592d2de1124cc20d19f90802c1941_jpg.rf.e3675911b6c65a6914d5dd013eb0331e.jpg,10.39208603,53.23949051,36.68294907,71.8003006,0.056061812
/content/valid/DM21340_pdf_3_jpg.rf.9c93e4b9c20ea4319d2ba7bf786082cc.jpg,32.83856583,19.91414642,69.47531891,39.14487839,0.966266632
/content/valid/DM21340_pdf_3_jpg.rf.9c93e4b9c20ea4319d2ba7bf786082cc.jpg,41.1498909,12.09292507,69.41156769,46.19506836,0.066934869
/content/valid/DM21340_pdf_3_jpg.rf.9c93e4b9c20ea4319d2ba7bf786082cc.jpg,23.7524395,16.38265419,80.09231567,44.78474045,0.053611144
/content/valid/918cf35be446596d7e07c647b15827c8_jpg.rf.a3a7356b6815a574ca55ae8e21aa46b3.jpg,58.42256546,0.004840349,105.1865845,16.23974609,0.962800682
/content/valid/bdb22c209c2643673c5e854c3258a1a6_jpg.rf.9ac9ce1b050eae47c3a3ce7b9bb46719.jpg,60.56563187,144.7798309,97.4013443,161.1617126,0.842741609
/content/valid/bdb22c209c2643673c5e854c3258a1a6_jpg.rf.9ac9ce1b050eae47c3a3ce7b9bb46719.jpg,54.84886169,14.04866314,83.30822754,27.08275604,0.094447196
/content/valid/ac29f196f88cc055627e722aa5c1fe36_jpg.rf.e5c16932d8a3d15c491cef954012c9de.jpg,25.13277817,276.502533,86.05969238,296.4300842,0.912519336
/content/valid/ac29f196f88cc055627e722aa5c1fe36_jpg.rf.e5c16932d8a3d15c491cef954012c9de.jpg,25.06669235,272.7002563,66.14045715,303.1984253,0.14120768
/content/valid/ac29f196f88cc055627e722aa5c1fe36_jpg.rf.e5c16932d8a3d15c491cef954012c9de.jpg,42.08723831,264.5676575,73.05612946,309.2910461,0.102756225
/content/valid/ac29f196f88cc055627e722aa5c1fe36_jpg.rf.e5c16932d8a3d15c491cef954012c9de.jpg,46.06357574,277.9047241,81.23432922,294.9763794,0.070454255
/content/valid/DM21383_pdf_5_jpg.rf.ae990ef60fcaccc29f7abedb116f88a9.jpg,17.89416122,169.867691,69.41529846,188.3088379,0.966432512
/content/valid/DM21383_pdf_5_jpg.rf.ae990ef60fcaccc29f7abedb116f88a9.jpg,28.38020897,49.72962189,58.32315826,63.04162979,0.089935064
/content/valid/DM21383_pdf_5_jpg.rf.ae990ef60fcaccc29f7abedb116f88a9.jpg,32.54728699,45.25962067,62.99179459,58.36020279,0.074491993
/content/valid/DM21383_pdf_5_jpg.rf.ae990ef60fcaccc29f7abedb116f88a9.jpg,39.78424454,35.61094284,67.84252167,47.95281219,0.073730834
/content/valid/DM21383_pdf_5_jpg.rf.ae990ef60fcaccc29f7abedb116f88a9.jpg,12.89285469,165.2319031,57.49493027,195.2824554,0.061733082
/content/valid/DM21383_pdf_5_jpg.rf.ae990ef60fcaccc29f7abedb116f88a9.jpg,38.09897995,39.97502136,66.70688629,52.61130905,0.053328678
/content/valid/DM21331_pdf_4_jpg.rf.afcea460fd77a9fdafc8e5a6f21e61f5.jpg,16.79089546,190.6100311,42.48206711,204.4927826,0.128079414
/content/valid/DM21333_pdf_0_jpg.rf.b98c0bb303ceb665fbbdf22550764963.jpg,47.42417145,91.52984619,82.75283813,113.5942993,0.913180947
/content/valid/DM21333_pdf_0_jpg.rf.b98c0bb303ceb665fbbdf22550764963.jpg,39.82102966,330.8964233,75.35446167,346.5045166,0.736008644
/content/valid/DM21333_pdf_0_jpg.rf.b98c0bb303ceb665fbbdf22550764963.jpg,37.57540512,89.86756134,90.13331604,120.1348953,0.091656625
/content/valid/DM21333_pdf_0_jpg.rf.b98c0bb303ceb665fbbdf22550764963.jpg,54.52824783,79.9892807,80.84544373,124.8049698,0.084520012
/content/valid/9787bd452ce618a0aa12ca95adcac7c5_jpg.rf.eb1410fff4baa89bda038059f7f1c7d4.jpg,27.24411011,10.60959911,59.41648102,27.0121727,0.969889462
/content/valid/9787bd452ce618a0aa12ca95adcac7c5_jpg.rf.eb1410fff4baa89bda038059f7f1c7d4.jpg,32.78312683,11.98845959,52.13671112,31.26098824,0.122902445
/content/valid/9787bd452ce618a0aa12ca95adcac7c5_jpg.rf.eb1410fff4baa89bda038059f7f1c7d4.jpg,20.63177299,7.899197578,73.5694809,30.59649277,0.107792281
/content/valid/9787bd452ce618a0aa12ca95adcac7c5_jpg.rf.eb1410fff4baa89bda038059f7f1c7d4.jpg,29.22548866,6.563766479,57.8290062,39.08821106,0.053528305
/content/valid/2923eae3cce17f57ab70a0a545c82432_jpg.rf.f5e21f8ef60467d3c087090f8ff43528.jpg,21.42097855,8.783151627,71.14459229,26.68338585,0.974680245
/content/valid/90311178a857a93aa01f0f283991548a_jpg.rf.b0ff9fd5f5312c3a934189fd040e57ce.jpg,41.7037468,37.56148529,63.68821716,51.78676987,0.087915339
/content/valid/DM21380_pdf_3_jpg.rf.bb4f63ca8765ef1dafe56202c7395dff.jpg,13.08340549,28.64863396,48.99007416,52.49273682,0.988017082
/content/valid/DM21380_pdf_3_jpg.rf.bb4f63ca8765ef1dafe56202c7395dff.jpg,16.81746101,170.9370728,49.69883347,187.9755859,0.892514467
/content/valid/DM21380_pdf_3_jpg.rf.bb4f63ca8765ef1dafe56202c7395dff.jpg,11.84500885,170.3464355,62.50824738,193.9950562,0.142479479
/content/valid/DM21380_pdf_3_jpg.rf.bb4f63ca8765ef1dafe56202c7395dff.jpg,17.27161598,13.10623169,45.73810959,59.70887375,0.084044598
/content/valid/DM21380_pdf_3_jpg.rf.bb4f63ca8765ef1dafe56202c7395dff.jpg,25.01115799,168.5029144,44.73947906,191.921051,0.081553467
/content/valid/DM21380_pdf_3_jpg.rf.bb4f63ca8765ef1dafe56202c7395dff.jpg,1.935158253,24.42869949,58.03595352,57.02725601,0.063016236
/content/valid/CG21228_pdf_0_jpg.rf.aaf4b0946140af7802fd29a407b2ae9d.jpg,14.60632133,79.1947937,41.31232071,90.82141876,0.415312171
/content/valid/CG21228_pdf_0_jpg.rf.aaf4b0946140af7802fd29a407b2ae9d.jpg,17.33292007,82.76890564,45.22846222,95.04990387,0.063760154
/content/valid/CG21228_pdf_0_jpg.rf.aaf4b0946140af7802fd29a407b2ae9d.jpg,21.62616158,74.94691467,37.44726181,96.1584549,0.051687688
/content/valid/0916aa51b295a617fa10cbc18b6c444e_jpg.rf.a60bdd35ef8d077f32d56683436dc67f.jpg,55.58932877,181.1291199,81.34415436,197.2324219,0.89251554
/content/valid/b561eb103d085e7ed1e44de1a2c010bf_jpg.rf.c1c5024252189104951b34b7ffc5a177.jpg,21.90294266,19.54605293,59.92023087,32.97802734,0.700481296
/content/valid/b561eb103d085e7ed1e44de1a2c010bf_jpg.rf.c1c5024252189104951b34b7ffc5a177.jpg,16.40037918,15.62368202,78.31838989,35.57467651,0.118415952
/content/valid/b561eb103d085e7ed1e44de1a2c010bf_jpg.rf.c1c5024252189104951b34b7ffc5a177.jpg,29.92516136,21.51270103,70.33860779,35.11097717,0.093264021
/content/valid/b561eb103d085e7ed1e44de1a2c010bf_jpg.rf.c1c5024252189104951b34b7ffc5a177.jpg,15.11094284,17.87674713,42.0394516,33.79189301,0.055078801
/content/valid/DM21379_pdf_0_jpg.rf.a4586ec52c925ab2ac05a482ac92b227.jpg,44.29844666,93.32783508,74.20021057,115.1425629,0.92837584
/content/valid/DM21379_pdf_0_jpg.rf.a4586ec52c925ab2ac05a482ac92b227.jpg,34.58629608,93.07842255,89.77108002,116.8168182,0.146716312
/content/valid/DM21379_pdf_0_jpg.rf.a4586ec52c925ab2ac05a482ac92b227.jpg,22.00283051,95.951828,86.49261475,126.2317581,0.068332545
/content/valid/DM21379_pdf_0_jpg.rf.a4586ec52c925ab2ac05a482ac92b227.jpg,53.025177,86.15502167,77.00511932,118.3180771,0.05737038
/content/valid/DM21379_pdf_0_jpg.rf.a4586ec52c925ab2ac05a482ac92b227.jpg,42.10939789,81.38259888,70.44346619,123.9604034,0.052649897
/content/valid/9406657aa34b2bb395095fcfcd66397f_jpg.rf.e1b74f512b9c5b1b191a7ae6f3abd1a7.jpg,19.25015068,251.228363,56.97447586,274.7180176,0.926354706
/content/valid/9406657aa34b2bb395095fcfcd66397f_jpg.rf.e1b74f512b9c5b1b191a7ae6f3abd1a7.jpg,13.55627346,4.513160229,58.72887039,18.4593811,0.921164036
/content/valid/9406657aa34b2bb395095fcfcd66397f_jpg.rf.e1b74f512b9c5b1b191a7ae6f3abd1a7.jpg,26.36195183,241.1340332,54.47534561,282.5336304,0.101285279
/content/valid/9406657aa34b2bb395095fcfcd66397f_jpg.rf.e1b74f512b9c5b1b191a7ae6f3abd1a7.jpg,11.16320229,253.4127808,72.14739227,280.6181335,0.070264108
/content/valid/CG21231_pdf_0_jpg.rf.9eea185528116c2d2cf004d155a8e979.jpg,9.353025436,93.59944916,44.64555359,107.4965363,0.839793801
/content/valid/CG21231_pdf_0_jpg.rf.9eea185528116c2d2cf004d155a8e979.jpg,37.37195969,290.8708496,64.31542206,303.2172241,0.067141712
/content/valid/CG21231_pdf_0_jpg.rf.9eea185528116c2d2cf004d155a8e979.jpg,5.867138386,92.18131256,31.67730141,109.4042358,0.058185924
/content/valid/CG21231_pdf_0_jpg.rf.9eea185528116c2d2cf004d155a8e979.jpg,16.55568314,89.89357758,34.41503143,112.0405121,0.057117332
/content/valid/CG21231_pdf_0_jpg.rf.9eea185528116c2d2cf004d155a8e979.jpg,35.58966446,287.2359924,60.1319809,300.4800415,0.05103549
/content/valid/CG21248_pdf_5_jpg.rf.ce41f5dc1d3d6708b8cbdc308ed6340f.jpg,30.03306389,285.7313232,70.18366241,300.4541626,0.96260184
/content/valid/CG21248_pdf_5_jpg.rf.ce41f5dc1d3d6708b8cbdc308ed6340f.jpg,25.81302452,282.7427063,84.57216644,303.3153687,0.094766907
/content/valid/CG21232_pdf_1_jpg.rf.e00a1fbb4f539cfe24ef920c14bb736e.jpg,14.24881935,38.63337708,53.89548492,58.88816452,0.950935185
/content/valid/CG21232_pdf_1_jpg.rf.e00a1fbb4f539cfe24ef920c14bb736e.jpg,9.409980774,36.31301498,63.83452606,66.42077637,0.134786427
/content/valid/CG21232_pdf_1_jpg.rf.e00a1fbb4f539cfe24ef920c14bb736e.jpg,37.83564377,153.9964294,57.10362244,167.1021729,0.083753593
/content/valid/CG21232_pdf_1_jpg.rf.e00a1fbb4f539cfe24ef920c14bb736e.jpg,22.01000214,30.19952393,52.48265839,73.8303299,0.075360984
/content/valid/DM21347_pdf_5_jpg.rf.b1f485dc3bec734f55c3ea09e11bffe9.jpg,21.67907524,180.1154327,80.42578888,198.8145142,0.970249355
/content/valid/DM21347_pdf_5_jpg.rf.b1f485dc3bec734f55c3ea09e11bffe9.jpg,27.11453629,184.2340851,96.76573944,207.8710938,0.085960478
/content/valid/DM21347_pdf_5_jpg.rf.b1f485dc3bec734f55c3ea09e11bffe9.jpg,33.36841202,171.2219696,65.38963318,213.50914,0.066041216
/content/valid/DM21347_pdf_5_jpg.rf.b1f485dc3bec734f55c3ea09e11bffe9.jpg,15.63183975,173.5919342,71.59547424,206.9438477,0.060121343
/content/valid/DM21347_pdf_5_jpg.rf.b1f485dc3bec734f55c3ea09e11bffe9.jpg,36.7913475,177.8195038,100.4889984,199.9263458,0.050475921
/content/valid/4509ca9c8064aff15c35e06f65687aca_jpg.rf.e022a9a9cc29ac5cde41a70d0d425f45.jpg,35.68133163,130.7477417,59.40966797,148.3869629,0.631287038
/content/valid/4509ca9c8064aff15c35e06f65687aca_jpg.rf.e022a9a9cc29ac5cde41a70d0d425f45.jpg,44.3016243,69.2445755,70.27438354,84.99820709,0.400997877
/content/valid/DM21385_pdf_4_jpg.rf.f8e6c95193842390083b8236a2d3611a.jpg,35.02823639,30.29848862,73.37791443,47.06941605,0.943046212
/content/valid/DM21385_pdf_4_jpg.rf.f8e6c95193842390083b8236a2d3611a.jpg,30.5401535,32.4273262,84.04447174,55.79667282,0.099972837
/content/valid/ba3367671fd03ed16e06379a1045d9a2_jpg.rf.eccfbc4ecfda8760fbe7c8d7d680eda3.jpg,17.15007019,134.1437683,44.84295654,159.6175842,0.9736256
/content/valid/ba3367671fd03ed16e06379a1045d9a2_jpg.rf.eccfbc4ecfda8760fbe7c8d7d680eda3.jpg,16.10390472,20.76308441,60.34726715,36.52037811,0.946731925
/content/valid/ba3367671fd03ed16e06379a1045d9a2_jpg.rf.eccfbc4ecfda8760fbe7c8d7d680eda3.jpg,8.494261742,75.68864441,49.59329605,90.61027527,0.894082248
/content/valid/ba3367671fd03ed16e06379a1045d9a2_jpg.rf.eccfbc4ecfda8760fbe7c8d7d680eda3.jpg,12.60069084,21.73438835,73.10243225,42.75924683,0.240920663
/content/valid/ba3367671fd03ed16e06379a1045d9a2_jpg.rf.eccfbc4ecfda8760fbe7c8d7d680eda3.jpg,3.323233128,71.66349792,61.38308334,93.1977005,0.196482033
/content/valid/ba3367671fd03ed16e06379a1045d9a2_jpg.rf.eccfbc4ecfda8760fbe7c8d7d680eda3.jpg,6.442142963,129.4330139,51.69910431,156.2589264,0.106119409
/content/valid/ba3367671fd03ed16e06379a1045d9a2_jpg.rf.eccfbc4ecfda8760fbe7c8d7d680eda3.jpg,33.19611359,8.016739845,60.52450562,54.1260643,0.075576082
/content/valid/ba3367671fd03ed16e06379a1045d9a2_jpg.rf.eccfbc4ecfda8760fbe7c8d7d680eda3.jpg,22.91761208,12.06009865,53.57393646,53.37216949,0.072140194
/content/valid/ba3367671fd03ed16e06379a1045d9a2_jpg.rf.eccfbc4ecfda8760fbe7c8d7d680eda3.jpg,13.0475893,125.0522537,43.39168549,168.2322845,0.05038796
/content/valid/b40e2e885f2375cb0aaa185d5368067e_jpg.rf.e0ad66e4f85d1e7cee5c35f2fd849c71.jpg,4.541697025,111.7354889,35.02694702,130.6828003,0.890667081
/content/valid/b40e2e885f2375cb0aaa185d5368067e_jpg.rf.e0ad66e4f85d1e7cee5c35f2fd849c71.jpg,0,111.4997864,46.0586319,137.3314056,0.059342563
/content/valid/b40e2e885f2375cb0aaa185d5368067e_jpg.rf.e0ad66e4f85d1e7cee5c35f2fd849c71.jpg,6.592479706,99.52379608,33.99387741,139.2107849,0.055453885
/content/valid/DM21356_pdf_3_jpg.rf.e247de681698003a00853ca5e1cc1572.jpg,19.33841705,25.25850105,64.90664673,42.28369522,0.821975827
/content/valid/DM21356_pdf_3_jpg.rf.e247de681698003a00853ca5e1cc1572.jpg,3.876053333,21.34910011,70.97483826,46.78624344,0.115116581
/content/valid/DM21356_pdf_3_jpg.rf.e247de681698003a00853ca5e1cc1572.jpg,5.749669075,23.59801292,52.16527939,41.31296539,0.093239248
/content/valid/8504c0f41ce4e7988e3d9c556b70f25a_jpg.rf.e7a8eaf3e0985ae830c3b9053a4dda5e.jpg,73.40527344,147.8690338,107.5899353,162.0343018,0.804512918
/content/valid/8504c0f41ce4e7988e3d9c556b70f25a_jpg.rf.e7a8eaf3e0985ae830c3b9053a4dda5e.jpg,71.24388123,146.4834442,127.2411499,164.8971558,0.119922273
/content/valid/6572d36963a3744aeb14cf744bd99a37_jpg.rf.be14de9ef47801b8d25873d24b9314d5.jpg,16.92391205,84.95210266,51.39451599,101.2131271,0.906290412
/content/valid/6572d36963a3744aeb14cf744bd99a37_jpg.rf.be14de9ef47801b8d25873d24b9314d5.jpg,9.886986732,348.7533264,48.78539276,365.934082,0.851978898
/content/valid/6572d36963a3744aeb14cf744bd99a37_jpg.rf.be14de9ef47801b8d25873d24b9314d5.jpg,26.10028839,186.6749725,51.72492599,201.686554,0.807796657
/content/valid/6572d36963a3744aeb14cf744bd99a37_jpg.rf.be14de9ef47801b8d25873d24b9314d5.jpg,19.05070496,283.2480469,51.42951965,298.6405334,0.726765215
/content/valid/6572d36963a3744aeb14cf744bd99a37_jpg.rf.be14de9ef47801b8d25873d24b9314d5.jpg,26.47331238,141.891983,52.2834053,156.0216522,0.682681084
/content/valid/6572d36963a3744aeb14cf744bd99a37_jpg.rf.be14de9ef47801b8d25873d24b9314d5.jpg,9.4382658,82.5616684,61.19966125,104.7190628,0.089850873
/content/valid/6572d36963a3744aeb14cf744bd99a37_jpg.rf.be14de9ef47801b8d25873d24b9314d5.jpg,12.55468845,281.540741,67.10544586,303.763031,0.083989918
/content/valid/6572d36963a3744aeb14cf744bd99a37_jpg.rf.be14de9ef47801b8d25873d24b9314d5.jpg,0,345.3276978,57.8097496,369.9257813,0.067092866
/content/valid/6572d36963a3744aeb14cf744bd99a37_jpg.rf.be14de9ef47801b8d25873d24b9314d5.jpg,25.52357674,82.09108734,44.7033577,104.5982895,0.064651728
/content/valid/6572d36963a3744aeb14cf744bd99a37_jpg.rf.be14de9ef47801b8d25873d24b9314d5.jpg,30.41801834,137.1561127,51.92754745,152.2729645,0.0577696
/content/valid/DM21380_pdf_2_jpg.rf.e3e27e42c200151aefffd083edf95d9f.jpg,25.78878975,285.4619141,53.14245224,301.7193604,0.540074885
/content/valid/DM21380_pdf_2_jpg.rf.e3e27e42c200151aefffd083edf95d9f.jpg,31.76791573,282.4474182,49.16002655,305.9876404,0.110723801
/content/valid/2661d4a0d6b745931887e96a4589b9b3_jpg.rf.f91e596b6931ccf8b6c1899cc9e148aa.jpg,27.17165375,17.82919693,57.02614594,32.0892601,0.91814822
/content/valid/2661d4a0d6b745931887e96a4589b9b3_jpg.rf.f91e596b6931ccf8b6c1899cc9e148aa.jpg,33.11727524,14.21691036,50.91519547,35.39360428,0.055637799
/content/valid/DM21376_pdf_4_jpg.rf.fc0b730f4d2bad5f5adc83d93e85bea5.jpg,44.84548187,15.07735062,99.94212341,39.18886566,0.055668928
/content/valid/DM21376_pdf_4_jpg.rf.fc0b730f4d2bad5f5adc83d93e85bea5.jpg,53.65050125,20.2669735,89.90153503,37.66373444,0.052963264
/content/valid/753a2ab00dd3565d64e384dd1dbe1317_jpg.rf.8aafb4d10c5c4e1f51c14432e465c485.jpg,33.74708176,114.9370575,71.807724,127.6953201,0.087473057
/content/valid/390778cc5b553286ffe891c60b86a434_jpg.rf.f8eed0587424934e64d44f7e63581f8b.jpg,79.40131378,7.718386173,110.6149292,31.61519241,0.585736275
/content/valid/DM21331_pdf_5_jpg.rf.ea78c53a216b5425f7b1e72cb3c1d59f.jpg,34.14730453,21.31299782,66.00385284,36.73646545,0.926955521
/content/valid/DM21331_pdf_5_jpg.rf.ea78c53a216b5425f7b1e72cb3c1d59f.jpg,29.88976669,223.0964203,60.72751617,236.3934326,0.51777482
/content/valid/DM21331_pdf_5_jpg.rf.ea78c53a216b5425f7b1e72cb3c1d59f.jpg,24.00056267,17.83411789,75.71298981,38.17160416,0.067199439
/content/valid/DM21331_pdf_5_jpg.rf.ea78c53a216b5425f7b1e72cb3c1d59f.jpg,42.35286713,18.99772835,60.73178864,41.16513443,0.05364605
/content/valid/831e6a0e0f552f61b696b88d0d26f53c_jpg.rf.99dea346e1abdc0d5bfb72c63b2b226d.jpg,17.85722351,262.0402222,39.47008133,278.3724365,0.136779442
/content/valid/831e6a0e0f552f61b696b88d0d26f53c_jpg.rf.99dea346e1abdc0d5bfb72c63b2b226d.jpg,21.39227104,171.9403534,45.15266418,186.1372986,0.072072558
/content/valid/5581c46a81890d4b126fb236b2497649_jpg.rf.529b81ad1277b24780915259a847c9cc.jpg,70.90866089,239.1443176,97.0842514,256.0765991,0.507504404
/content/valid/bcda7a4429ee165f708b7447e540c008_jpg.rf.3f0887d56701ff4bb4bdf1c9de4825b1.jpg,34.13772583,269.6131897,68.6828537,294.2866516,0.562140703
/content/valid/2429db8119aae878e12e26b84f610b47_jpg.rf.6a1af1feed31391bf81447a14a9a0b1f.jpg,57.82752609,78.41443634,83.41012573,92.06943512,0.156150535
/content/valid/2429db8119aae878e12e26b84f610b47_jpg.rf.6a1af1feed31391bf81447a14a9a0b1f.jpg,54.76813126,109.4878616,79.45825195,123.1455994,0.068740726
/content/valid/DM21319_pdf_3_jpg.rf.3700cf93cf14a853b291e3e3fd42985f.jpg,46.91719818,28.79875565,70.54693604,43.19972992,0.500721574
/content/valid/DM21319_pdf_3_jpg.rf.3700cf93cf14a853b291e3e3fd42985f.jpg,40.96408844,281.1000366,65.51798248,293.7066345,0.359426379
/content/valid/DM21319_pdf_3_jpg.rf.3700cf93cf14a853b291e3e3fd42985f.jpg,28.18780518,366.773468,56.08312225,380.2715149,0.347866595
/content/valid/DM21319_pdf_3_jpg.rf.3700cf93cf14a853b291e3e3fd42985f.jpg,46.1962471,188.6582184,67.63620758,200.8067474,0.05384158
